{
  "nodeNum": 25,
  "elapsedTime": 0.020012772,
  "updateTime": 0.0012646,
  "msgNum": 493.0
}