{
  "nodeNum": 15,
  "elapsedTime": 0.01996632,
  "updateTime": 0.0010249302,
  "msgNum": 293.77777
}