{
  "nodeNum": 35,
  "elapsedTime": 0.02001823,
  "updateTime": 0.0015994034,
  "msgNum": 692.9
}