{
  "nodeNum": 45,
  "elapsedTime": 0.019983707,
  "updateTime": 0.0017336005,
  "msgNum": 892.3333
}