{
  "nodeNum": 40,
  "elapsedTime": 0.01998645,
  "updateTime": 0.00170156,
  "msgNum": 785.7778
}