{
  "nodeNum": 20,
  "elapsedTime": 0.020012047,
  "updateTime": 0.0011140334,
  "msgNum": 394.2
}