{
  "nodeNum": 10,
  "elapsedTime": 0.020008812,
  "updateTime": 8.727588E-4,
  "msgNum": 196.2
}