{
  "nodeNum": 50,
  "elapsedTime": 0.02001241,
  "updateTime": 0.0017553353,
  "msgNum": 982.9
}