{
  "nodeNum": 5,
  "elapsedTime": 0.02000209,
  "updateTime": 7.751417E-4,
  "msgNum": 97.1
}