{
  "nodeNum": 30,
  "elapsedTime": 0.020011155,
  "updateTime": 0.0013159232,
  "msgNum": 594.2
}