{
  "waveDataList": [
    {
      "time": 1.0,
      "waveHeight": {
        "-31.343609": 0.50855386,
        "-30.56473": 0.6818637,
        "-29.771635": 0.6779561,
        "-28.973331": 0.5838392,
        "-28.064194": 0.43872663,
        "-27.158339": 0.34920567,
        "-26.205566": 0.12142462,
        "-25.1174": 0.028750459,
        "-24.153658": -0.009386635,
        "-23.140806": -0.16139801,
        "-22.023132": -0.20014244,
        "-21.026024": -0.19056584,
        "-19.987326": -0.33252886,
        "-18.815817": -0.39853024,
        "-17.653774": -0.3083007,
        "-16.604076": -0.14817132,
        "-15.614814": -0.054644346,
        "-14.6187315": 0.002726669,
        "-13.610181": 0.07795741,
        "-12.617937": 0.19064185,
        "-11.6620865": 0.2980672,
        "-10.7582855": 0.34965953,
        "-9.841607": 0.40064973,
        "-8.974854": 0.44452947,
        "-8.038917": 0.41372624,
        "-7.0690985": 0.47743925,
        "-6.1639595": 0.5404024,
        "-5.323619": 0.5175467,
        "-4.3610225": 0.35207778,
        "-3.288242": 0.3676132,
        "-2.4019778": 0.3409097,
        "-1.327291": 0.17090686,
        "-0.23675896": 0.25375876,
        "0.6946406": 0.30969584,
        "1.6730704": 0.3262049,
        "2.6120255": 0.37490466,
        "3.503071": 0.41643372,
        "4.3233366": 0.35404834,
        "5.2052116": 0.17756781,
        "6.214823": 0.016743276,
        "7.221164": -0.06775646,
        "8.213721": -0.23054093,
        "9.3486805": -0.3425376,
        "10.411411": -0.33290955,
        "11.4304905": -0.3553054,
        "12.416579": -0.46709037,
        "13.578749": -0.63916445,
        "14.76371": -0.58801883,
        "15.772536": -0.5371343,
        "16.775753": -0.62283105,
        "17.875977": -0.7077206,
        "18.963205": -0.81538427,
        "20.208298": -0.92497295,
        "21.453407": -0.7915039,
        "22.574131": -0.64667773,
        "23.671967": -0.53805053,
        "24.757622": -0.37935638,
        "25.698517": -0.23353732,
        "26.736855": -0.23049514,
        "27.78691": -0.01582742,
        "28.663015": 0.09550066,
        "29.661509": 0.13117883,
        "30.637959": 0.2097989,
        "31.664452": 0.26929522
      }
    },
    {
      "time": 2.0,
      "waveHeight": {
        "-31.75224": 0.8887118,
        "-30.94829": 0.95822614,
        "-30.2252": 0.87291515,
        "-29.317486": 0.6545337,
        "-28.373398": 0.5598084,
        "-27.461437": 0.43597633,
        "-26.54522": 0.27795988,
        "-25.54715": 0.07291955,
        "-24.584906": -0.04797986,
        "-23.544834": -0.3255869,
        "-22.345154": -0.40004933,
        "-21.33989": -0.46848994,
        "-20.184423": -0.62404335,
        "-18.989779": -0.55172145,
        "-17.955055": -0.4410367,
        "-17.025934": -0.39831108,
        "-16.058298": -0.48286104,
        "-15.004759": -0.53372484,
        "-13.963835": -0.5414719,
        "-12.868642": -0.56852543,
        "-11.717703": -0.4601779,
        "-10.718179": -0.30207476,
        "-9.759467": -0.21848659,
        "-8.798213": -0.17985386,
        "-7.750482": -0.13615376,
        "-6.7743845": -0.015987046,
        "-5.845757": -0.011257294,
        "-4.8282456": -0.0054373206,
        "-3.7767978": 0.041224867,
        "-2.7952504": 0.11800112,
        "-1.7616742": 0.15988089,
        "-0.8162262": 0.3076392,
        "0.1276964": 0.31559741,
        "1.0880731": 0.45186546,
        "1.9840977": 0.4852161,
        "2.8977396": 0.63298297,
        "3.6079297": 0.570439,
        "4.579235": 0.43978673,
        "5.476118": 0.44552332,
        "6.3314605": 0.3341162,
        "7.232847": 0.10795414,
        "8.3414955": -0.07015137,
        "9.377397": -0.13334973,
        "10.42816": -0.29630947,
        "11.600171": -0.44744554,
        "12.832705": -0.38652197,
        "13.887791": -0.28160006,
        "14.94468": -0.21405052,
        "15.8689575": -0.18016931,
        "16.87372": -0.32706633,
        "17.933338": -0.47485948,
        "19.141306": -0.5912745,
        "20.283602": -0.53536856,
        "21.470396": -0.5622872,
        "22.679716": -0.3373011,
        "23.70369": -0.15789342,
        "24.69826": -0.0010896147,
        "25.591522": 0.08092443,
        "26.60985": 0.07022121,
        "27.665102": 0.19189169,
        "28.63666": 0.35723418,
        "29.564157": 0.49461016,
        "30.499393": 0.6092146,
        "31.421041": 0.76993215
      }
    },
    {
      "time": 3.0,
      "waveHeight": {
        "-32.269657": 1.0102432,
        "-31.394228": 0.8751397,
        "-30.511572": 0.7513676,
        "-29.55382": 0.625876,
        "-28.60973": 0.5302023,
        "-27.660486": 0.38919723,
        "-26.70087": 0.3179803,
        "-25.844465": 0.15312345,
        "-24.821949": -0.14978713,
        "-23.721033": -0.29578567,
        "-22.6847": -0.50110906,
        "-21.489538": -0.66046625,
        "-20.346367": -0.6257702,
        "-19.28236": -0.5548822,
        "-18.362375": -0.5036382,
        "-17.44503": -0.6439527,
        "-16.444134": -0.7786376,
        "-15.410774": -0.90687335,
        "-14.324971": -1.0431994,
        "-13.157156": -1.1465976,
        "-11.955881": -1.1296141,
        "-10.785858": -0.9751186,
        "-9.735931": -0.85973084,
        "-8.624344": -0.80725485,
        "-7.5558195": -0.6783028,
        "-6.5303845": -0.6179754,
        "-5.4896245": -0.5894439,
        "-4.3142734": -0.5433346,
        "-3.2426612": -0.26549608,
        "-2.2958112": -0.1728333,
        "-1.1998061": 0.023623943,
        "-0.3357752": 0.32648847,
        "0.47539645": 0.4177035,
        "1.399291": 0.4683179,
        "2.2807674": 0.60330194,
        "3.0806696": 0.64850557,
        "3.935435": 0.60611016,
        "4.8576136": 0.5510552,
        "5.818686": 0.5837492,
        "6.6086626": 0.5708124,
        "7.506871": 0.34586102,
        "8.538038": 0.2120699,
        "9.512486": 0.067059934,
        "10.60831": -0.17020576,
        "11.843766": -0.30268562,
        "13.111056": -0.21074755,
        "14.148833": 0.05115696,
        "15.013102": 0.07036767,
        "16.047028": -0.02514853,
        "17.097424": -0.054637436,
        "18.173752": -0.14028959,
        "19.312975": -0.11412407,
        "20.362738": -0.037063804,
        "21.405216": -0.036182635,
        "22.534882": -0.0049379426,
        "23.605186": 0.21036986,
        "24.491886": 0.33357382,
        "25.499886": 0.35588336,
        "26.444828": 0.50719357,
        "27.386528": 0.4886915,
        "28.454775": 0.6082853,
        "29.341583": 0.8085495,
        "30.215036": 0.94271743,
        "30.988682": 1.0898278
      }
    },
    {
      "time": 4.0,
      "waveHeight": {
        "-32.583157": 0.8505391,
        "-31.67896": 0.6371669,
        "-30.618351": 0.5126991,
        "-29.659266": 0.48400894,
        "-28.690212": 0.38183406,
        "-27.719568": 0.3077325,
        "-26.75584": 0.22625251,
        "-25.868795": 0.109258175,
        "-24.828024": -0.16730459,
        "-23.753792": -0.24213208,
        "-22.781116": -0.44658452,
        "-21.589277": -0.5819648,
        "-20.521225": -0.49996793,
        "-19.608608": -0.5077537,
        "-18.666119": -0.6225305,
        "-17.663485": -0.7659777,
        "-16.657776": -0.88852113,
        "-15.6391945": -1.05874,
        "-14.515706": -1.2474208,
        "-13.353632": -1.3241004,
        "-12.230318": -1.4039177,
        "-10.989858": -1.445297,
        "-9.762045": -1.3552029,
        "-8.577676": -1.2370236,
        "-7.488632": -1.1163793,
        "-6.3871245": -1.0778635,
        "-5.2051196": -0.98633075,
        "-4.0541553": -0.8081271,
        "-2.99425": -0.58274263,
        "-1.9303463": -0.34600386,
        "-0.9998915": -0.03987808,
        "-0.09951615": 0.15208434,
        "0.7321997": 0.37394902,
        "1.5747309": 0.41390494,
        "2.435467": 0.54285693,
        "3.2402687": 0.469652,
        "4.264038": 0.5124126,
        "5.1239724": 0.5675877,
        "6.0676007": 0.544762,